,p_val,avg_diff,pct.1,pct.2,p_val_adj,p_val_adj_BH
LHX2,0.00218356858995446,0.321790732291734,0.584,0.468,1,0.513191540797045
JUN,0.00232676911121234,0.336586661348689,0.617,0.462,1,0.513191540797045
PHOX2B,0.0027819923910346,0.275304201767577,0.579,0.397,1,0.513191540797045
TBX20,0.00324291652952319,0.292984640651471,0.579,0.474,1,0.513191540797045
ZNF136,0.0044629208671855,0.285944894406147,0.565,0.436,1,0.565005781785684
PHOX2A,0.0108150681150526,0.242851353978441,0.565,0.442,1,0.947226279383821
SMAD2::SMAD3::SMAD4,0.0182210965957211,0.225134884636524,0.517,0.378,1,0.947226279383821
SREBF2,0.0190245542236413,0.237303618492076,0.569,0.513,1,0.947226279383821
FOSL2::JUND(var.2),0.0228546154015125,0.28479917120007,0.526,0.468,1,0.947226279383821
ZBTB7C,0.0236467980005118,0.241971891693958,0.565,0.449,1,0.947226279383821
STAT3,0.0240831452674704,0.215800217439401,0.498,0.365,1,0.947226279383821
ZBTB7B,0.0256326143382714,0.233292261912441,0.565,0.423,1,0.947226279383821
RHOXF1,0.0256990054812285,0.205863006471612,0.536,0.455,1,0.947226279383821
PKNOX1,0.0260331967447081,0.202979532058917,0.536,0.423,1,0.947226279383821
MTF1,0.0269197294392464,0.198755606521206,0.536,0.462,1,0.947226279383821
FOSL2::JUN(var.2),0.0288445769693781,0.282015543343919,0.589,0.455,1,0.947226279383821
MYBL1,0.028991758535191,-0.254270414392814,0.498,0.59,1,0.947226279383821
OVOL1,0.031278261754564,0.23711192829172,0.493,0.404,1,0.947226279383821
NR6A1,0.0313570708230537,-0.204006004714042,0.431,0.487,1,0.947226279383821
NKX2-8,0.0319135187676346,0.198634984161371,0.56,0.474,1,0.947226279383821
CREB1,0.0348244225221549,0.227366308418152,0.526,0.462,1,0.947226279383821
PITX3,0.0408339547366743,0.19243056344424,0.488,0.41,1,0.947226279383821
MNX1,0.0410320033797467,0.193168759346391,0.579,0.506,1,0.947226279383821
GCM2,0.042441256896109,0.190548049109005,0.526,0.429,1,0.947226279383821
OVOL2,0.048152645341592,0.172071771381825,0.531,0.417,1,0.947226279383821
MGA,0.0543704810409565,0.187265068442268,0.565,0.474,1,0.947226279383821
TBX15,0.0543704810409565,0.187265068442268,0.565,0.474,1,0.947226279383821
ONECUT3,0.0544963298596218,0.186600557100806,0.569,0.474,1,0.947226279383821
BHLHE40,0.0594617130828824,0.177915558232491,0.574,0.462,1,0.947226279383821
ZBTB33,0.063213285552106,-0.146975792548587,0.483,0.558,1,0.947226279383821
SOX21,0.063213285552106,0.188722163392911,0.526,0.442,1,0.947226279383821
MLX,0.0636419455974217,0.143312382950257,0.526,0.442,1,0.947226279383821
OTX2,0.0646514960701352,0.233017378498493,0.522,0.436,1,0.947226279383821
EOMES,0.06700872301284,0.164225868176186,0.555,0.455,1,0.947226279383821
ISX,0.0677597053400314,0.173704192501838,0.545,0.468,1,0.947226279383821
RAX2,0.0677597053400314,0.173704192501838,0.545,0.468,1,0.947226279383821
BACH2(var.2),0.0685175971818195,0.181446674847611,0.574,0.429,1,0.947226279383821
MEIS1(var.2),0.0691289153025824,-0.18170652250106,0.483,0.513,1,0.947226279383821
JUN::JUNB(var.2),0.0711467100944654,0.164545583493514,0.593,0.468,1,0.947226279383821
ZSCAN29,0.0720941520949758,0.195359314997976,0.502,0.436,1,0.947226279383821
FOSB::JUN,0.0725717338738663,0.247776082638319,0.541,0.468,1,0.947226279383821
NFIB,0.0735346671670306,0.185040556709207,0.502,0.442,1,0.947226279383821
SREBF1,0.0754918828106471,0.161939219164885,0.565,0.481,1,0.947226279383821
RORA(var.2),0.0756568855846773,0.140396707634418,0.474,0.378,1,0.947226279383821
NEUROG1,0.0783371852862743,0.162726902285603,0.545,0.474,1,0.947226279383821
KLF13,0.0790192003588044,0.177730718332347,0.555,0.474,1,0.947226279383821
GSC2,0.0791904566612292,0.188108931152793,0.522,0.455,1,0.947226279383821
MEIS1,0.0851950501656591,0.192055398782919,0.502,0.423,1,0.947226279383821
ETS1,0.0883325565060066,-0.1654594518277,0.459,0.538,1,0.947226279383821
HOXA13,0.0921422866016119,0.1644362087913,0.574,0.487,1,0.947226279383821
ELK3,0.0944907641006164,-0.185656725046223,0.464,0.519,1,0.947226279383821
POU5F1B,0.097291029178929,0.176035344661744,0.536,0.442,1,0.947226279383821
PAX3,0.0974935601608112,0.200458031172519,0.545,0.5,1,0.947226279383821
GCM1,0.103302482641222,0.127553105277022,0.526,0.423,1,0.947226279383821
BHLHE41,0.103514926105296,0.135757684754643,0.56,0.494,1,0.947226279383821
POU5F1,0.112528014053085,0.162978099791255,0.488,0.5,1,0.947226279383821
JUND(var.2),0.113439485289761,0.177749755844591,0.555,0.429,1,0.947226279383821
FOSL1::JUN(var.2),0.114126897506951,0.190600091285203,0.579,0.481,1,0.947226279383821
FIGLA,0.115511556423759,-0.143844560033365,0.474,0.564,1,0.947226279383821
TCF7L2,0.116208821753329,-0.125460021816849,0.44,0.506,1,0.947226279383821
FEV,0.117378275161689,-0.150653645362802,0.44,0.513,1,0.947226279383821
ATOH7,0.118320472679102,-0.175995472115803,0.426,0.474,1,0.947226279383821
LBX2,0.120462100284768,0.172439755702436,0.522,0.474,1,0.947226279383821
POU3F2,0.122148694474361,0.196559044500605,0.517,0.474,1,0.947226279383821
INSM1,0.123120716749929,0.136107318131167,0.483,0.404,1,0.947226279383821
HOXA4,0.124098769113692,-0.161760502583431,0.498,0.545,1,0.947226279383821
GSC,0.125329847241421,0.206106894586137,0.502,0.481,1,0.947226279383821
TFEC,0.127569750250979,0.138492278113223,0.555,0.468,1,0.947226279383821
CREB3L4,0.130094918909844,-0.110338855802189,0.435,0.526,1,0.947226279383821
ASCL1,0.136841934655086,0.160535220442208,0.512,0.455,1,0.947226279383821
DUXA,0.137371915533537,0.156240874354555,0.526,0.468,1,0.947226279383821
TBX18,0.137903477908213,0.151756140708352,0.541,0.494,1,0.947226279383821
PROP1,0.138436624353846,0.142367544908218,0.536,0.481,1,0.947226279383821
NEUROD2,0.140855455014791,0.149746763475764,0.512,0.449,1,0.947226279383821
ZKSCAN1,0.1419408649543,0.146787884517352,0.536,0.474,1,0.947226279383821
HOXB13,0.142759129740234,0.140821732328577,0.526,0.474,1,0.947226279383821
POU2F2,0.146346835033636,0.161201199749054,0.522,0.429,1,0.947226279383821
MYF5,0.146625644399391,0.156703414521697,0.488,0.397,1,0.947226279383821
NR2F6(var.3),0.147744946322949,0.157093551269344,0.488,0.423,1,0.947226279383821
TBX2,0.148025789468316,0.148831096678879,0.522,0.526,1,0.947226279383821
HES7,0.150287237136709,0.145381417038046,0.507,0.449,1,0.947226279383821
ZNF16,0.150856694345704,0.126071065814142,0.478,0.423,1,0.947226279383821
PLAGL2,0.152574933782282,0.125309581171485,0.555,0.494,1,0.947226279383821
PITX2,0.153439619176508,0.140671437016079,0.512,0.436,1,0.947226279383821
NR2F2,0.154598323182146,0.187111896132946,0.45,0.455,1,0.947226279383821
NFYA,0.155180162089361,0.184083470123775,0.445,0.378,1,0.947226279383821
LBX1,0.156348825688719,0.131046731130731,0.478,0.429,1,0.947226279383821
PAX7,0.156348825688719,0.161839101956394,0.526,0.474,1,0.947226279383821
JUN::JUNB,0.16380469330359,-0.189924897082673,0.392,0.5,1,0.947226279383821
SMAD5,0.16563334218608,0.207377452992034,0.526,0.481,1,0.947226279383821
TFDP1,0.16686094737388,-0.104023853819276,0.426,0.532,1,0.947226279383821
NR2C1,0.168095378443921,0.0985268167281635,0.522,0.404,1,0.947226279383821
FOXC2,0.169025692053617,0.149093059606612,0.565,0.468,1,0.947226279383821
CEBPA,0.1731017193637,0.220900534225012,0.636,0.564,1,0.947226279383821
SMAD3,0.175007559408451,0.12471918894329,0.512,0.468,1,0.947226279383821
TP63,0.176607686047299,0.180782477805691,0.536,0.5,1,0.947226279383821
SOX15,0.176607686047299,0.127146586662381,0.493,0.429,1,0.947226279383821
FERD3L,0.181473467022577,0.151984848150539,0.526,0.436,1,0.947226279383821
SNAI1,0.18212968275056,0.116503979178193,0.522,0.494,1,0.947226279383821
ZBTB6,0.187107488950963,0.0890857543526397,0.536,0.449,1,0.947226279383821
TGIF1,0.189803056430295,0.13049190854529,0.493,0.474,1,0.947226279383821
TBX21,0.190821236014079,0.137708018865948,0.574,0.526,1,0.947226279383821
ARNT2,0.194588960373996,0.133541986919997,0.526,0.455,1,0.947226279383821
CEBPG,0.194934168438467,0.230298081291815,0.603,0.513,1,0.947226279383821
NFIC::TLX1,0.19597248743,0.154552430186036,0.531,0.442,1,0.947226279383821
BHLHA15(var.2),0.196319492810851,0.158412691630121,0.502,0.481,1,0.947226279383821
DLX5,0.198061273113155,0.0919560730491748,0.565,0.468,1,0.947226279383821
HES6,0.199814330315437,0.145483768122924,0.541,0.506,1,0.947226279383821
FOSL2::JUNB(var.2),0.200871589484706,0.177982256523247,0.531,0.5,1,0.947226279383821
USF2,0.202287610073898,-0.0778266041658733,0.512,0.571,1,0.947226279383821
ATF7,0.203354389649144,0.168751295679517,0.512,0.481,1,0.947226279383821
CEBPE,0.208749759116195,0.195561992436732,0.589,0.513,1,0.947226279383821
FOXE1,0.209841168277419,0.108992765326813,0.555,0.462,1,0.947226279383821
NR1H4::RXRA,0.210936702600075,0.116963077497713,0.517,0.481,1,0.947226279383821
TCF3,0.212036367723354,0.10525258458264,0.507,0.455,1,0.947226279383821
POU3F1,0.21387833763193,0.17352394171676,0.507,0.481,1,0.947226279383821
FOS::JUN(var.2),0.21387833763193,0.15146412850372,0.579,0.506,1,0.947226279383821
NFYC,0.214248112659944,0.145659030399594,0.426,0.391,1,0.947226279383821
NR1D2,0.215731823004764,0.130312407662798,0.483,0.462,1,0.947226279383821
HOXB3,0.21722291932124,0.135365042932419,0.493,0.474,1,0.947226279383821
NKX6-1,0.218721414266478,0.144396852545297,0.498,0.442,1,0.947226279383821
NKX6-2,0.218721414266478,0.144396852545297,0.498,0.442,1,0.947226279383821
TBR1,0.218721414266478,0.104183675435505,0.56,0.494,1,0.947226279383821
LHX5,0.218721414266478,0.144396852545297,0.498,0.442,1,0.947226279383821
TFAP2B(var.2),0.222500102101709,0.0643709697755666,0.526,0.391,1,0.947226279383821
MSX1,0.223261414798912,0.164954537280557,0.522,0.462,1,0.947226279383821
MSX2,0.223261414798912,0.164954537280557,0.522,0.462,1,0.947226279383821
BSX,0.223261414798912,0.164954537280557,0.522,0.462,1,0.947226279383821
EN2,0.230197188118657,-0.117870746276725,0.464,0.5,1,0.947226279383821
SP8,0.23058695193018,0.0618421142198142,0.512,0.462,1,0.947226279383821
HNF4G,0.23058695193018,0.144761258360558,0.55,0.494,1,0.947226279383821
ZBTB12,0.230977184599794,0.0755034677119699,0.517,0.474,1,0.947226279383821
THRB(var.2),0.233721955593668,0.140740237297309,0.55,0.558,1,0.947226279383821
RUNX3,0.23648976654565,-0.11306157840674,0.397,0.455,1,0.947226279383821
MAZ,0.238081738852952,0.12900505026101,0.478,0.423,1,0.947226279383821
PBX3,0.238880556262996,0.111518557128081,0.498,0.423,1,0.947226279383821
ZNF682,0.239280673331739,0.116195275052745,0.493,0.462,1,0.947226279383821
ZNF460,0.239681262850302,0.0590361042700644,0.522,0.449,1,0.947226279383821
TBX1,0.240082324973234,0.131706239057714,0.541,0.526,1,0.947226279383821
TP73,0.240483859854313,0.16979251528234,0.512,0.474,1,0.947226279383821
HOXB7,0.240885867646545,0.0961896597187346,0.589,0.487,1,0.947226279383821
FOSB::JUNB(var.2),0.241288348502168,0.159070539009075,0.536,0.494,1,0.947226279383821
SOX12,0.242498630960147,-0.115306565857095,0.474,0.513,1,0.947226279383821
ARGFX,0.243713176394808,0.128959011984563,0.502,0.462,1,0.947226279383821
SIX1,0.247382430087648,-0.0642458142917447,0.426,0.506,1,0.947226279383821
POU3F4,0.249025563588574,0.178485399097291,0.498,0.442,1,0.947226279383821
ZNF740,0.253583471793185,-0.0882854386900097,0.469,0.513,1,0.947226279383821
CREB3,0.254418383428387,-0.0738607553419979,0.488,0.519,1,0.947226279383821
ZFP42,0.257355626498528,0.123021512529318,0.55,0.462,1,0.947226279383821
RFX1,0.257355626498528,0.0927945043368175,0.522,0.494,1,0.947226279383821
RBPJ,0.258199143525285,-0.131795717865754,0.469,0.494,1,0.947226279383821
SP4,0.261592370658468,0.130688899996821,0.488,0.442,1,0.947226279383821
ZNF384,0.262018681339452,0.0799392945996732,0.469,0.436,1,0.947226279383821
HOXC8,0.265446447768132,0.114871663625842,0.526,0.462,1,0.947226279383821
RXRA::VDR,0.268037456048167,0.120056240643864,0.574,0.474,1,0.947226279383821
GMEB2,0.26933945556455,-0.144659938231009,0.493,0.545,1,0.947226279383821
GLI2,0.26933945556455,0.0868434927951937,0.502,0.442,1,0.947226279383821
RARA::RXRG,0.271956458513936,-0.137748936382031,0.45,0.481,1,0.947226279383821
HOXD13,0.272832648595523,0.0991945462415511,0.56,0.513,1,0.947226279383821
TFAP2B,0.273710767773367,-0.118442987802114,0.426,0.481,1,0.947226279383821
BCL6,0.275031565139053,0.116244553024207,0.526,0.494,1,0.947226279383821
MEOX2,0.277242549383644,0.0998192448081574,0.522,0.468,1,0.947226279383821
JDP2(var.2),0.277686195276213,0.147767112036579,0.517,0.474,1,0.947226279383821
FOXC1,0.278574936750834,0.0880158489030871,0.565,0.538,1,0.947226279383821
HES5,0.279020032490362,0.0875909431142484,0.507,0.449,1,0.947226279383821
TCF12(var.2),0.281700761779202,0.088982876095527,0.507,0.436,1,0.947226279383821
EWSR1-FLI1,0.282149243162665,0.110196458480842,0.474,0.423,1,0.947226279383821
SPDEF,0.282149243162665,-0.112461655563132,0.493,0.526,1,0.947226279383821
MYBL2,0.283497591324532,0.0889587909530402,0.56,0.487,1,0.947226279383821
ZNF528,0.286207361841516,0.127930669386958,0.526,0.487,1,0.947226279383821
ZNF410,0.289847526407165,0.123042830974855,0.502,0.442,1,0.947226279383821
TFAP2B(var.3),0.289847526407165,-0.109501007693432,0.488,0.538,1,0.947226279383821
BACH1,0.289847526407165,-0.184044583533666,0.435,0.506,1,0.947226279383821
NR4A2,0.292138390714179,0.145989794845736,0.488,0.455,1,0.947226279383821
RAX,0.293979817079319,0.0628246183244372,0.55,0.449,1,0.947226279383821
NR2C2(var.2),0.293979817079319,0.0811595071511891,0.464,0.397,1,0.947226279383821
RFX5,0.295365984293865,-0.131885619230009,0.469,0.487,1,0.947226279383821
TCF4,0.295829011220067,0.0778772472623618,0.55,0.442,1,0.947226279383821
JUNB(var.2),0.297221006175164,0.109381641739056,0.555,0.487,1,0.947226279383821
ELF4,0.300485998961412,-0.116511101738334,0.459,0.487,1,0.947226279383821
ONECUT1,0.301423227991399,0.0668241358905868,0.512,0.506,1,0.947226279383821
REST,0.302362401499157,-0.115220981924242,0.512,0.577,1,0.947226279383821
STAT1::STAT2,0.304718843953164,0.0852015923023836,0.306,0.263,1,0.947226279383821
ESRRB,0.305664824991609,0.102833615740336,0.464,0.41,1,0.947226279383821
ETS2,0.307087444375767,-0.0843789350450218,0.474,0.538,1,0.947226279383821
NR5A1,0.307562623680031,0.0882606700438383,0.498,0.455,1,0.947226279383821
CEBPG(var.2),0.307562623680031,0.15389958448779,0.579,0.577,1,0.947226279383821
CTCFL,0.308038289440088,0.0917260441477789,0.541,0.5,1,0.947226279383821
HOXA6,0.308514441675116,0.106118973644375,0.498,0.468,1,0.947226279383821
JUNB,0.308514441675116,-0.126764982532847,0.421,0.5,1,0.947226279383821
POU4F2,0.311381572012557,0.105124466437704,0.541,0.5,1,0.947226279383821
CREM,0.312341174638432,0.0831185844003217,0.507,0.404,1,0.947226279383821
SHOX,0.314266219210911,0.0933801019417718,0.522,0.474,1,0.947226279383821
RFX4,0.316683474259488,-0.136775385430628,0.469,0.455,1,0.947226279383821
SP1,0.316683474259488,0.0957876563709254,0.478,0.417,1,0.947226279383821
BCL6B,0.317653782845632,0.129357542540324,0.488,0.474,1,0.947226279383821
FOSL1,0.31960023986988,-0.11902863518812,0.411,0.487,1,0.947226279383821
BATF3,0.326474153189835,-0.148466454178389,0.416,0.468,1,0.947226279383821
NFATC3,0.329946868675258,-0.0993555831871488,0.416,0.468,1,0.947226279383821
SOX9,0.330444916396435,-0.12323702520884,0.517,0.558,1,0.947226279383821
BACH2,0.330444916396435,-0.135397732986806,0.378,0.481,1,0.947226279383821
PRDM4,0.331941977273926,0.0788586773050178,0.522,0.442,1,0.947226279383821
RXRB(var.2),0.332942449004827,0.083440229234878,0.536,0.462,1,0.947226279383821
MEIS2,0.333443414124049,0.0760009132489527,0.464,0.417,1,0.947226279383821
KLF17,0.334949226109579,-0.0626420916073966,0.44,0.449,1,0.947226279383821
NR2F1(var.2),0.337468632742185,-0.038119728960476,0.431,0.545,1,0.947226279383821
MYOD1,0.338986107040005,0.105669194813952,0.517,0.474,1,0.947226279383821
KLF15,0.340000185181398,-0.0311223725085953,0.426,0.436,1,0.947226279383821
POU4F3,0.341016205795632,0.080274102295532,0.507,0.474,1,0.947226279383821
IKZF1,0.34203416850883,0.0676448165860339,0.522,0.468,1,0.947226279383821
SCRT2,0.34356475315607,-0.102505506512589,0.517,0.532,1,0.947226279383821
VEZF1,0.345612326252495,-0.0972318986429541,0.474,0.513,1,0.947226279383821
PITX1,0.347667660187452,0.0968772084498332,0.507,0.468,1,0.947226279383821
MEIS3,0.348182705865135,0.104015844942144,0.464,0.442,1,0.947226279383821
BHLHE22(var.2),0.349214251425445,-0.114306295434645,0.493,0.538,1,0.947226279383821
TFAP2C(var.2),0.350765204322813,0.0216213576002516,0.512,0.455,1,0.947226279383821
CEBPB,0.352320517103815,0.124576792941702,0.584,0.532,1,0.947226279383821
MZF1,0.36280054210021,0.0947578584348199,0.536,0.481,1,0.947226279383821
KLF9,0.363329616460076,-0.0806408690698372,0.435,0.449,1,0.947226279383821
ATF2,0.364389212634875,0.125961004002859,0.488,0.481,1,0.947226279383821
MZF1(var.2),0.364919734262838,0.0936673630887391,0.478,0.455,1,0.947226279383821
BARHL2,0.365450738124768,0.07498521067262,0.545,0.506,1,0.947226279383821
HESX1,0.365450738124768,0.0927140354300451,0.483,0.468,1,0.947226279383821
FOXN3,0.366514192164971,0.151595941818239,0.459,0.468,1,0.947226279383821
ELF2,0.368112987542504,-0.0808153552064021,0.445,0.506,1,0.947226279383821
MEIS2(var.2),0.368112987542504,-0.105665120745406,0.469,0.494,1,0.947226279383821
ZNF263,0.368112987542504,0.0849185063407461,0.455,0.41,1,0.947226279383821
LMX1B,0.368646882752562,0.0927049817193599,0.483,0.474,1,0.947226279383821
ALX3,0.370251457200649,0.0940312439461459,0.493,0.494,1,0.947226279383821
HINFP,0.371323579798936,-0.0582097304247071,0.45,0.474,1,0.947226279383821
TBX4,0.371323579798936,0.089250896763855,0.555,0.5,1,0.947226279383821
TBX5,0.371323579798936,0.089250896763855,0.555,0.5,1,0.947226279383821
ZEB1,0.37186036266776,0.0558243310143843,0.502,0.41,1,0.947226279383821
RXRG(var.2),0.375631301765762,0.103765295468092,0.507,0.468,1,0.947226279383821
DPRX,0.377254622458164,-0.101959594874324,0.498,0.545,1,0.947226279383821
IRF1,0.378882260933718,0.0374708297990664,0.316,0.314,1,0.947226279383821
HSF2,0.378882260933718,-0.0775402888512004,0.431,0.487,1,0.947226279383821
GRHL1,0.379425766034262,0.10867248496272,0.541,0.487,1,0.947226279383821
RORC,0.381059156428409,0.0989920229688004,0.488,0.429,1,0.947226279383821
THAP11,0.381604577837386,-0.0623103667654991,0.483,0.513,1,0.947226279383821
ATF3,0.381604577837386,0.0980270636923643,0.526,0.468,1,0.947226279383821
TFAP2C,0.382696856804606,-0.0915231151715701,0.45,0.462,1,0.947226279383821
NR1I3,0.38433886367447,-0.103712503374864,0.531,0.526,1,0.947226279383821
BATF::JUN,0.38433886367447,-0.1098547414433,0.411,0.442,1,0.947226279383821
HNF4A,0.385435925655389,0.102564087187622,0.526,0.487,1,0.947226279383821
PAX9,0.387635782505406,-0.0743955844662749,0.459,0.532,1,0.947226279383821
SP3,0.395395357852233,0.0507930848526121,0.44,0.397,1,0.947226279383821
NFYB,0.398749426583823,-0.0625807364492033,0.483,0.519,1,0.947226279383821
JUND,0.400432865503214,-0.108362074490103,0.407,0.487,1,0.947226279383821
LEF1,0.40155752718829,-0.0407377705985219,0.445,0.494,1,0.947226279383821
KLF6,0.402120568254234,0.048542618934165,0.483,0.436,1,0.947226279383821
HLF,0.402120568254234,0.149533259326869,0.536,0.545,1,0.947226279383821
PAX6,0.40381253032323,-0.0907031623992502,0.512,0.494,1,0.947226279383821
NR2F1(var.3),0.404377463401771,0.0542824677432948,0.526,0.442,1,0.947226279383821
MEF2D,0.404942869054593,0.039473307651147,0.507,0.41,1,0.947226279383821
BATF,0.404942869054593,-0.102291560503322,0.416,0.442,1,0.947226279383821
RORA,0.405508747107958,0.0836448199748075,0.507,0.468,1,0.947226279383821
DMRTC2,0.408913925972132,0.104115596882151,0.507,0.474,1,0.947226279383821
HES1,0.411193470665287,0.100904615776344,0.517,0.455,1,0.947226279383821
ZNF75D,0.41176453334431,0.0425460996827752,0.483,0.436,1,0.947226279383821
PPARD,0.412908069204712,-0.0871984286078936,0.474,0.519,1,0.947226279383821
CEBPD,0.413480542008971,0.127543065799089,0.632,0.596,1,0.947226279383821
ETV2,0.41405348447602,0.0755103693139447,0.488,0.455,1,0.947226279383821
CREB3L1,0.415200777632141,0.0970222123666259,0.483,0.455,1,0.947226279383821
RARA::RXRA,0.416925235018645,-0.0625693433836309,0.44,0.481,1,0.947226279383821
TGIF2LX,0.416925235018645,0.0527143351676009,0.526,0.436,1,0.947226279383821
ETV1,0.418653908884044,0.0362107834875963,0.555,0.494,1,0.947226279383821
FOXG1,0.419231069574928,0.101969018082761,0.464,0.436,1,0.947226279383821
HNF1A,0.419808697965882,0.0797610718801829,0.502,0.468,1,0.947226279383821
HOXD11,0.419808697965882,-0.06461107605171,0.517,0.538,1,0.947226279383821
KLF5,0.421544387310239,0.02135564482436,0.435,0.41,1,0.947226279383821
POU6F1(var.2),0.422703848301138,-0.138924228642829,0.507,0.532,1,0.947226279383821
GLIS2,0.423865175168769,-0.0810964620005109,0.459,0.513,1,0.947226279383821
LMX1A,0.426193419811781,0.0641290742725311,0.531,0.455,1,0.947226279383821
ATF4,0.427944488625068,0.105072214953975,0.545,0.519,1,0.947226279383821
SNAI3,0.430285749692645,0.0841279213630344,0.565,0.481,1,0.947226279383821
EGR3,0.432046564759883,0.0855996019026704,0.488,0.468,1,0.947226279383821
TEAD2,0.433222756810915,0.100447057056821,0.555,0.506,1,0.947226279383821
TBXT,0.436762426522637,-0.0449644212799164,0.445,0.494,1,0.947226279383821
MEOX1,0.44091301969952,0.0735620812672286,0.526,0.5,1,0.947226279383821
SREBF2(var.2),0.44150780141312,0.0706519374302167,0.531,0.494,1,0.947226279383821
SOX8,0.442698742294059,0.0414164529196861,0.55,0.442,1,0.947226279383821
FOXA1,0.444488593566133,-0.0756518736580767,0.517,0.564,1,0.947226279383821
FOS::JUNB,0.445684118156924,-0.0745372027952676,0.421,0.462,1,0.947226279383821
POU4F1,0.446881472739052,0.0486389661986407,0.55,0.487,1,0.947226279383821
HMBOX1,0.449882852090175,-0.0626573453220107,0.488,0.571,1,0.947226279383821
SPI1,0.449882852090175,0.0660652605818425,0.354,0.346,1,0.947226279383821
ZIC5,0.4504844961197,-0.104329933260501,0.464,0.487,1,0.947226279383821
GABPA,0.452895624109962,0.0536846290784741,0.474,0.417,1,0.947226279383821
KLF11,0.457132582068256,-0.0406366664347455,0.416,0.455,1,0.947226279383821
TBX19,0.458347218180623,-0.0786750403996345,0.445,0.474,1,0.947226279383821
FOSL2::JUN,0.462001964864336,-0.0648781439236773,0.421,0.449,1,0.947226279383821
MAFF,0.462001964864336,0.0691631359236812,0.469,0.429,1,0.947226279383821
POU2F3,0.462001964864336,0.0894770926258033,0.488,0.468,1,0.947226279383821
EGR1,0.463835420980814,-0.0631216088360302,0.478,0.481,1,0.947226279383821
TEF,0.464447472291206,0.123706417784939,0.55,0.5,1,0.947226279383821
TCF21(var.2),0.466286320037942,-0.0734198368358954,0.435,0.494,1,0.947226279383821
PLAG1,0.466900166265774,0.0518352154780451,0.555,0.5,1,0.947226279383821
FOSB::JUNB,0.467514460500485,-0.129697238893727,0.435,0.474,1,0.947226279383821
TBX3,0.468744391824551,0.0589250287365821,0.545,0.468,1,0.947226279383821
HOXC12,0.46936002832813,0.0669260677364646,0.536,0.506,1,0.947226279383821
NR1D1,0.46936002832813,0.0459984267113386,0.478,0.372,1,0.947226279383821
ETV4,0.471827039733411,0.039255565889083,0.526,0.468,1,0.947226279383821
PBX2,0.473681978606801,-0.0776460944098844,0.507,0.532,1,0.947226279383821
SOX10,0.476782434169031,-0.054129543646702,0.469,0.513,1,0.947226279383821
RXRG,0.478025721038479,-0.0806219989386178,0.435,0.474,1,0.947226279383821
POU3F3,0.478648028520337,0.13743027380363,0.493,0.526,1,0.947226279383821
PAX3(var.2),0.479893970022127,-0.0942649878963193,0.498,0.506,1,0.947226279383821
NFKB2,0.485522532263325,-0.0852541176603324,0.474,0.538,1,0.947226279383821
ATOH1(var.2),0.485522532263325,0.0476265929112408,0.493,0.481,1,0.947226279383821
SOHLH2,0.486150126287461,0.0798008477340903,0.55,0.532,1,0.947226279383821
ZBED1,0.488035537828038,0.0740360203418394,0.526,0.519,1,0.947226279383821
E2F8,0.491818163981261,0.0770788660482792,0.493,0.442,1,0.947226279383821
TFAP2A(var.2),0.493082526848587,-0.0662723130105783,0.459,0.5,1,0.947226279383821
GFI1,0.494348628989562,0.0332620045624885,0.469,0.417,1,0.947226279383821
POU6F2,0.496251037412186,-0.0999594754029404,0.474,0.487,1,0.947226279383821
REL,0.496886040245796,0.0702069980902801,0.464,0.423,1,0.947226279383821
KLF14,0.497521475854395,0.103351589100322,0.459,0.423,1,0.947226279383821
ZNF652,0.497521475854395,0.0671587834473249,0.507,0.494,1,0.947226279383821
FLI1,0.498793644017514,-0.0669362394252751,0.469,0.506,1,0.947226279383821
OSR1,0.501343158412296,0.0721254294677052,0.483,0.468,1,0.947226279383821
PDX1,0.501981613738409,-0.0680443991702102,0.498,0.513,1,0.947226279383821
EMX1,0.501981613738409,-0.0680443991702102,0.498,0.513,1,0.947226279383821
HOXB2,0.501981613738409,-0.0680443991702102,0.498,0.513,1,0.947226279383821
HOXD3,0.501981613738409,-0.0680443991702102,0.498,0.513,1,0.947226279383821
TP53,0.502620499052723,0.0981708430779563,0.478,0.436,1,0.947226279383821
ZBTB14,0.503899558231607,0.00233487029678482,0.44,0.474,1,0.947226279383821
NFIX(var.2),0.504539731386247,0.119060827531956,0.507,0.455,1,0.947226279383821
NFIL3,0.505180333109229,0.138050875670203,0.589,0.603,1,0.947226279383821
SOX4,0.509032923273105,-0.0884696414124148,0.435,0.455,1,0.947226279383821
FOSL1::JUN,0.510964974805018,-0.0431762596407223,0.397,0.474,1,0.947226279383821
NR2C2,0.51419355458341,-0.086734509219706,0.411,0.442,1,0.947226279383821
FOSL1::JUND,0.515487950708963,-0.0752836680319568,0.416,0.487,1,0.947226279383821
SPIB,0.516135782465933,0.0357329244308243,0.325,0.288,1,0.947226279383821
ETV3,0.517432711486369,-0.0720920768412115,0.435,0.513,1,0.947226279383821
NR1H2::RXRA,0.518081807993797,-0.0755663759172532,0.488,0.5,1,0.947226279383821
MAX::MYC,0.518731325326851,0.134106328569217,0.517,0.506,1,0.947226279383821
GLIS3,0.519381263104779,0.0322740802025844,0.56,0.487,1,0.947226279383821
SOX2,0.521333595283903,0.0667784740487838,0.493,0.474,1,0.947226279383821
SCRT1,0.523289697655011,-0.108719593198956,0.502,0.5,1,0.947226279383821
HOXA10,0.523942567794302,-0.0535572926602457,0.512,0.532,1,0.947226279383821
CDX4,0.523942567794302,-0.051774499502182,0.455,0.506,1,0.947226279383821
IRF2,0.527213171056693,-0.0658859392051948,0.368,0.391,1,0.947226279383821
E2F4,0.527213171056693,0.0443038498114347,0.531,0.481,1,0.947226279383821
BARHL1,0.529180520908598,-0.0669883864525522,0.493,0.5,1,0.947226279383821
E2F3,0.529180520908598,0.0866828975225744,0.502,0.513,1,0.947226279383821
E2F1,0.530494159161342,0.0612266810499996,0.536,0.487,1,0.947226279383821
ELK4,0.533126393307827,-0.0638442791574351,0.483,0.532,1,0.947226279383821
CENPB,0.533785482336778,-0.0876970765319807,0.507,0.513,1,0.947226279383821
FOXF2,0.535104894148978,-0.00910597343771464,0.464,0.519,1,0.947226279383821
RXRB,0.535104894148978,-0.0857174647418623,0.478,0.474,1,0.947226279383821
TCF7,0.535765216117475,-0.0350560557882075,0.416,0.481,1,0.947226279383821
NFIC,0.53774864136137,0.0683035605592054,0.574,0.487,1,0.947226279383821
SRF,0.539072970191738,0.0658803633243559,0.502,0.436,1,0.947226279383821
GLIS1,0.539072970191738,0.0632044917858371,0.517,0.506,1,0.947226279383821
HOXC13,0.539735746967327,0.0786994412684635,0.474,0.462,1,0.947226279383821
HOXC10,0.541062523161999,0.037747966025021,0.502,0.487,1,0.947226279383821
SP2,0.541062523161999,0.0875175537755731,0.478,0.436,1,0.947226279383821
RORB,0.542390926765701,0.0971768057745594,0.478,0.468,1,0.947226279383821
FOS::JUN,0.547053106649372,-0.0934537274675774,0.416,0.449,1,0.947226279383821
TFAP2A(var.3),0.547720747937327,-0.075701644276338,0.493,0.5,1,0.947226279383821
IRF8,0.549726085786869,-0.0525795889686382,0.373,0.391,1,0.947226279383821
SOX18,0.551735035563919,-0.0539766692105858,0.536,0.532,1,0.947226279383821
BARX1,0.554419233570403,0.0133449742468491,0.536,0.5,1,0.947226279383821
NFIC(var.2),0.563186739538923,0.0926700070867045,0.502,0.481,1,0.947226279383821
SIX2,0.563863922976206,0.0741008622997126,0.464,0.423,1,0.947226279383821
MYB,0.565897823578719,0.0657845961363173,0.512,0.526,1,0.947226279383821
TGIF2LY,0.567255711327827,0.0425899736117069,0.507,0.442,1,0.947226279383821
FOSL2::JUND,0.567935240032667,-0.0769776283491281,0.402,0.449,1,0.947226279383821
HOXD10,0.567935240032667,0.019723148544683,0.512,0.513,1,0.947226279383821
NKX2-3,0.568615158011275,0.0338311098917509,0.531,0.506,1,0.947226279383821
ESRRA,0.568615158011275,0.0333040673072087,0.455,0.404,1,0.947226279383821
BHLHE22,0.569976159944257,0.0638803223190855,0.488,0.449,1,0.947226279383821
EBF1,0.570657242973245,0.0203446033411324,0.512,0.455,1,0.947226279383821
MEF2C,0.572020570834915,-0.116690499330636,0.421,0.41,1,0.947226279383821
EGR4,0.572020570834915,0.0388052101138431,0.493,0.429,1,0.947226279383821
ZNF143,0.572020570834915,-0.0256214334031523,0.431,0.506,1,0.947226279383821
ZNF140,0.572020570834915,0.0195638485333951,0.459,0.423,1,0.947226279383821
USF1,0.572020570834915,-0.0352598525269291,0.478,0.532,1,0.947226279383821
FOSL2,0.574751860708072,-0.0470587226271087,0.421,0.474,1,0.947226279383821
THRB(var.3),0.576119815216387,0.0406322091575693,0.574,0.5,1,0.947226279383821
HOXD9,0.576119815216387,0.0505092934365189,0.488,0.429,1,0.947226279383821
RARA,0.58504875712257,-0.0389182616507459,0.474,0.487,1,0.947226279383821
XBP1,0.58504875712257,-0.0179480534669856,0.459,0.526,1,0.947226279383821
KLF10,0.587809005851098,-0.0602906003127158,0.455,0.462,1,0.947226279383821
HES2,0.587809005851098,0.0307837098133703,0.531,0.487,1,0.947226279383821
ZBTB26,0.589191385049448,0.0597001885479938,0.517,0.5,1,0.947226279383821
ZNF341,0.59057526223197,0.0364759014123802,0.526,0.462,1,0.947226279383821
HOXC11,0.594041482911528,0.00786638848499753,0.502,0.455,1,0.947226279383821
RREB1,0.594735842109941,0.0358111155679097,0.498,0.436,1,0.947226279383821
PPARA::RXRA,0.596821140834466,0.0426848164331966,0.517,0.494,1,0.947226279383821
PROX1,0.601001688045425,0.0667244895667277,0.493,0.474,1,0.947226279383821
HOXA7,0.60169972979072,0.0583421477389411,0.55,0.551,1,0.947226279383821
HOXB8,0.60169972979072,0.0583421477389411,0.55,0.551,1,0.947226279383821
HOXD8,0.60169972979072,0.0583421477389411,0.55,0.551,1,0.947226279383821
POU6F1,0.604495546297008,-0.0921244420126506,0.469,0.494,1,0.947226279383821
TFAP2A,0.605195410240597,0.00786741993255136,0.545,0.468,1,0.947226279383821
LHX6,0.605895637081789,0.0659469409664338,0.517,0.481,1,0.947226279383821
ERF,0.605895637081789,-0.0589530709595409,0.502,0.513,1,0.947226279383821
DMRTA2,0.608700163080716,0.0663534506561723,0.512,0.526,1,0.947226279383821
NEUROG2,0.609402196644809,-0.101159481272849,0.445,0.474,1,0.947226279383821
FOS::JUND,0.609402196644809,-0.0117561866473435,0.416,0.455,1,0.947226279383821
GSX1,0.610104589993498,0.0703976391961486,0.459,0.455,1,0.947226279383821
FOXA2,0.610104589993498,0.0408167127787731,0.517,0.449,1,0.947226279383821
JUN(var.2),0.610807342604475,-0.0960264610573866,0.416,0.462,1,0.947226279383821
MSGN1,0.613621935190453,0.0319309308171589,0.545,0.487,1,0.947226279383821
ESX1,0.61644223393138,-0.0461881351747829,0.474,0.532,1,0.947226279383821
GLI3,0.618561182267068,0.0450606266030208,0.507,0.462,1,0.947226279383821
MAX,0.619975579967807,0.0478708363609553,0.536,0.455,1,0.947226279383821
CLOCK,0.620683306855984,-0.0217736157007371,0.493,0.506,1,0.947226279383821
HOXA2,0.622808593224314,-0.0529008533909439,0.498,0.526,1,0.947226279383821
PBX1,0.624227200164062,-0.0242365028320159,0.512,0.513,1,0.947226279383821
CUX2,0.624937026819407,-0.0931806842708809,0.517,0.545,1,0.947226279383821
RELB,0.624937026819407,0.0168109804918934,0.502,0.474,1,0.947226279383821
TCF7L1,0.625647201541569,0.0623126340313837,0.493,0.487,1,0.947226279383821
MIXL1,0.626357723786716,0.034928837799168,0.483,0.468,1,0.947226279383821
TAL1::TCF3,0.627068593010051,0.0290928837285515,0.512,0.506,1,0.947226279383821
NFKB1,0.627068593010051,-0.0489733764337047,0.498,0.545,1,0.947226279383821
ERG,0.628491370207274,-0.0204603623080668,0.431,0.455,1,0.947226279383821
FOXK2,0.628491370207274,0.0783596207970146,0.502,0.494,1,0.947226279383821
MSANTD3,0.630628124664218,-0.0463810747366299,0.498,0.513,1,0.947976519649058
ETV6,0.632054346997528,-0.040397247386197,0.44,0.359,1,0.947976519649058
NEUROG2(var.2),0.633481939670697,-0.0662239914649174,0.526,0.551,1,0.947976519649058
GATA6,0.637056887472894,0.0397511450318964,0.316,0.295,1,0.951077853231938
TFAP2C(var.3),0.642076023632131,-0.0549522418341181,0.478,0.526,1,0.95599446590671
BHLHE23,0.644951478350829,0.0377158695342554,0.502,0.506,1,0.95599446590671
TFAP4(var.2),0.645671174649495,0.0427749750179869,0.498,0.449,1,0.95599446590671
HOXC4,0.646391202856354,0.0790879177598452,0.507,0.519,1,0.95599446590671
EMX2,0.648553273208127,0.0549055481368531,0.507,0.481,1,0.956956228300103
HSF4,0.657231064232833,-0.0224516836233944,0.478,0.468,1,0.961862657937101
NR3C2,0.657956324640757,-0.0401385638696086,0.536,0.526,1,0.961862657937101
NRL,0.658681907118722,0.0338836081060737,0.502,0.397,1,0.961862657937101
MLXIPL,0.66013403593606,0.0583312066470887,0.512,0.513,1,0.961862657937101
NOTO,0.660860581098808,-0.0399913608612005,0.459,0.494,1,0.961862657937101
OSR2,0.66376995300753,-0.0279987162856612,0.392,0.423,1,0.961862657937101
LHX1,0.664498090839532,0.0642098606052845,0.512,0.519,1,0.961862657937101
RELA,0.669603891415711,0.0459316795911375,0.469,0.462,1,0.961862657937101
ZNF24,0.670334546575447,0.0801880788134615,0.522,0.513,1,0.961862657937101
ZNF449,0.670334546575447,0.0347104401418798,0.545,0.513,1,0.961862657937101
YY2,0.670334546575447,-0.0550661458014664,0.498,0.481,1,0.961862657937101
E2F2,0.67252838146185,-0.0578427683038183,0.526,0.564,1,0.961862657937101
FOXH1,0.673992489859306,-0.0626361510460082,0.526,0.526,1,0.961862657937101
NFE2,0.676190968060048,-0.0468122060362553,0.407,0.436,1,0.961862657937101
GATA2,0.676190968060048,-0.0453652392990682,0.33,0.295,1,0.961862657937101
GATA4,0.676190968060048,0.00742222458649122,0.301,0.321,1,0.961862657937101
NKX6-3,0.680596200413693,-0.0165814879678977,0.498,0.545,1,0.962533476253318
ESR1,0.681331471486956,0.0532458244340106,0.493,0.5,1,0.962533476253318
ELF1,0.686486814137633,0.0267820341533598,0.464,0.417,1,0.962533476253318
PAX5,0.688700736878288,0.0671592929834372,0.483,0.462,1,0.962533476253318
KLF16,0.68943930526254,-0.0293583906928673,0.455,0.487,1,0.962533476253318
FOXK1,0.692396532845898,0.10045309227744,0.478,0.474,1,0.962533476253318
ELK1,0.693136575123738,-0.0604753298802149,0.488,0.532,1,0.962533476253318
SPIC,0.696099666922556,-0.00728246424064299,0.502,0.442,1,0.962533476253318
STAT1,0.69832503693875,0.0209744546954984,0.445,0.41,1,0.962533476253318
VSX1,0.700553003256614,-0.0812907070833043,0.474,0.474,1,0.962533476253318
VSX2,0.700553003256614,-0.0812907070833043,0.474,0.474,1,0.962533476253318
IRF7,0.700553003256614,0.0575015093757749,0.44,0.429,1,0.962533476253318
EVX2,0.70352763403894,-0.00596224555183403,0.431,0.481,1,0.962533476253318
GATA3,0.70427200337876,0.00983090573089351,0.321,0.321,1,0.962533476253318
DUX4,0.706506809100957,0.00764120080751235,0.502,0.481,1,0.962533476253318
MAF::NFE2,0.706506809100957,0.0703759623321006,0.483,0.468,1,0.962533476253318
HEY2,0.707998087912222,0.00011455111679632,0.541,0.487,1,0.962533476253318
MNT,0.707998087912222,0.0719042991572671,0.526,0.5,1,0.962533476253318
GATA1,0.711731176500566,0.00997867082656693,0.502,0.404,1,0.962533476253318
VAX1,0.715471188283816,0.0844580225660536,0.502,0.5,1,0.962533476253318
VAX2,0.715471188283816,0.0844580225660536,0.502,0.5,1,0.962533476253318
DRGX,0.715471188283816,0.0844580225660536,0.502,0.5,1,0.962533476253318
GSX2,0.715471188283816,0.0844580225660536,0.502,0.5,1,0.962533476253318
HOXA9,0.715471188283816,0.0792891925896203,0.522,0.545,1,0.962533476253318
EHF,0.716220014273032,-0.000911580222480279,0.474,0.436,1,0.962533476253318
OTX1,0.716969113284044,-0.0464486491121589,0.488,0.519,1,0.962533476253318
RUNX2,0.717718484662821,-0.0292302652259314,0.445,0.442,1,0.962533476253318
RFX2,0.71996822645365,-0.0507723092838559,0.435,0.481,1,0.963509275571164
E2F7,0.72447497531846,-0.0219524602542867,0.483,0.519,1,0.965194985457818
DLX6,0.727484799046654,0.0142098857929106,0.517,0.481,1,0.965194985457818
MYOG,0.729744932024004,0.00414057131424988,0.474,0.513,1,0.965194985457818
HAND2,0.732007415170508,0.0379756486138663,0.502,0.513,1,0.965194985457818
NR1H4,0.732762095360474,0.0490622714711985,0.455,0.417,1,0.965194985457818
NHLH1,0.737295580530968,0.0352782344567265,0.488,0.462,1,0.965194985457818
RARA(var.2),0.738052055785182,-0.0230023638164446,0.478,0.487,1,0.965194985457818
NKX2-5,0.739565766843969,-0.0619836881567942,0.502,0.494,1,0.965194985457818
OLIG2,0.740323001295575,0.0187684084378733,0.512,0.487,1,0.965194985457818
RARB(var.3),0.741838224655286,-0.0512907002577717,0.488,0.487,1,0.965194985457818
FOS,0.742596212206029,-0.0190267752125651,0.383,0.436,1,0.965194985457818
SRY,0.74487167018234,-0.0355535432747892,0.493,0.5,1,0.965194985457818
GBX2,0.74487167018234,0.0672008297320336,0.502,0.526,1,0.965194985457818
HOXB9,0.745630652345057,-0.0523728690045057,0.502,0.532,1,0.965194985457818
ETV5,0.746389881455902,0.0212260653704583,0.464,0.455,1,0.965194985457818
HIF1A,0.747149356831486,0.0253322348309926,0.502,0.526,1,0.965194985457818
FOSL1::JUND(var.2),0.747149356831486,-0.0388163438569862,0.507,0.538,1,0.965194985457818
TFE3,0.751711342284763,0.022884307693469,0.574,0.519,1,0.967380840933831
TEAD1,0.753233943124619,-0.00577298074314176,0.474,0.506,1,0.967380840933831
ELF3,0.75704463456745,-0.00296846257301694,0.464,0.404,1,0.967380840933831
ARNT::HIF1A,0.758570572352643,-0.0355192750114434,0.474,0.526,1,0.967380840933831
TEAD3,0.758570572352643,-0.0153477995437865,0.493,0.513,1,0.967380840933831
RFX7,0.758570572352643,-0.0913524217424373,0.488,0.5,1,0.967380840933831
JDP2,0.760861241547553,-0.0174380671183759,0.474,0.494,1,0.967380840933831
TFEB,0.763154009054688,0.0463689667345457,0.488,0.519,1,0.967380840933831
HNF1B,0.767745763561101,-0.0104454083413703,0.464,0.481,1,0.967380840933831
ZNF317,0.773113121189201,-0.0145889782464933,0.483,0.481,1,0.967380840933831
E2F6,0.773113121189201,-0.00231845480148775,0.493,0.474,1,0.967380840933831
NR4A2::RXRA,0.773880779848053,0.046190824026369,0.536,0.474,1,0.967380840933831
ZBTB18,0.77464865970663,0.00737355470867992,0.478,0.532,1,0.967380840933831
CUX1,0.77464865970663,0.00640139462598998,0.502,0.468,1,0.967380840933831
HOXC9,0.77464865970663,-0.0723457578507226,0.531,0.5,1,0.967380840933831
DBP,0.776185080187629,0.0526454986917023,0.589,0.577,1,0.967380840933831
NR1I2,0.778491352169305,0.0390933143879655,0.483,0.468,1,0.967380840933831
MAF,0.78002995269934,0.0643786752065806,0.426,0.462,1,0.967380840933831
ISL2,0.786192918128371,0.0402791089305902,0.435,0.429,1,0.967380840933831
ZNF148,0.786192918128371,-0.010356441020447,0.464,0.487,1,0.967380840933831
ZFP57,0.789279458602742,-0.0177727538222474,0.474,0.449,1,0.967380840933831
PPARG,0.790051612786189,0.0243648876959954,0.541,0.513,1,0.967380840933831
VENTX,0.790051612786189,0.0648650496696675,0.512,0.506,1,0.967380840933831
TFAP2E,0.790051612786189,-0.00906514633386943,0.483,0.462,1,0.967380840933831
FOSL1::JUNB,0.79082397315402,0.0161174695955776,0.45,0.449,1,0.967380840933831
NR2F1,0.791596538984393,-0.0741474034473803,0.478,0.5,1,0.967380840933831
HOXD4,0.792369309554859,-0.015336513756938,0.488,0.532,1,0.967380840933831
OLIG1,0.79391546202326,0.00405763569495069,0.493,0.474,1,0.967380840933831
NKX2-2,0.79391546202326,-0.0403501095174235,0.498,0.519,1,0.967380840933831
TWIST1,0.794688842473289,-0.0803371837670688,0.502,0.462,1,0.967380840933831
IRF5,0.797010191986719,-0.0262499849891287,0.373,0.417,1,0.967428179435733
MSC,0.797784375458851,0.0509081064182198,0.464,0.462,1,0.967428179435733
ELF5,0.799333338492176,0.0335197129701604,0.488,0.513,1,0.967453161119593
ESR2,0.808643500715303,-0.0188638080917432,0.469,0.506,1,0.976853694566388
HNF4A(var.2),0.811752989031838,-0.0408479508835864,0.488,0.487,1,0.978742175346959
FOSL2::JUNB,0.81408705822727,-0.0202046440475814,0.445,0.442,1,0.978999681709784
ZIC1,0.81876013206646,-0.00348842806499628,0.507,0.494,1,0.978999681709784
FOXO3,0.819539608844775,0.0112527182894644,0.493,0.487,1,0.978999681709784
TGIF2,0.821879106281902,-0.0348886487387107,0.488,0.474,1,0.978999681709784
MXI1,0.82656283610376,0.0112766100922879,0.488,0.487,1,0.978999681709784
TEAD4,0.82656283610376,0.0194677700643258,0.483,0.494,1,0.978999681709784
IRF3,0.829688765332699,-0.071324047829957,0.392,0.333,1,0.978999681709784
CREB3L4(var.2),0.832817392813551,0.038481669252533,0.526,0.526,1,0.978999681709784
PRRX1,0.833599965657233,-0.0337011359069686,0.483,0.494,1,0.978999681709784
UNCX,0.833599965657233,-0.0337011359069686,0.483,0.494,1,0.978999681709784
POU1F1,0.833599965657233,0.0475207719040202,0.464,0.5,1,0.978999681709784
KLF3,0.833599965657233,-0.0257719357459125,0.44,0.481,1,0.978999681709784
EN1,0.834382703386918,-0.0305247465613388,0.531,0.513,1,0.978999681709784
THAP1,0.835165605250053,0.0533385212418939,0.498,0.462,1,0.978999681709784
HOXB6,0.835165605250053,0.0161016741999928,0.522,0.462,1,0.978999681709784
NFIX,0.839082550194091,0.0124924997057173,0.526,0.506,1,0.981773113258521
NHLH2,0.840650450712238,0.0414010321500418,0.493,0.5,1,0.981792869558757
HEY1,0.843003485313454,0.0110984888707759,0.541,0.481,1,0.981834364736199
TFCP2,0.84378814283806,0.0260039381759126,0.478,0.462,1,0.981834364736199
EGR2,0.854789284206426,-0.0295720855055307,0.488,0.462,1,0.987443868797647
YY1,0.857150425251717,-0.0025410979481887,0.502,0.532,1,0.987443868797647
TCFL5,0.857937757499837,0.059733672913176,0.507,0.519,1,0.987443868797647
IRF4,0.858725231087758,0.0184805767035599,0.378,0.365,1,0.987443868797647
KLF4,0.858725231087758,-0.0387480280309541,0.421,0.41,1,0.987443868797647
IRF6,0.859512845248823,0.0412877635235518,0.483,0.494,1,0.987443868797647
ZNF354C,0.861088492221645,-0.0342345038544994,0.498,0.481,1,0.987443868797647
FOXP2,0.861088492221645,0.0342231976648718,0.464,0.429,1,0.987443868797647
FOXA3,0.862664692276676,0.0284498911240614,0.474,0.494,1,0.987462477777823
ATF6,0.868974900256633,0.037875888570398,0.526,0.487,1,0.992890093614529
ZNF684,0.8721331625788,-0.00297815831544302,0.478,0.481,1,0.994703228670956
SREBF1(var.2),0.873713061697881,-0.0103167250232394,0.536,0.532,1,0.994712892184818
MAFG,0.875293464534385,0.0199023409694783,0.431,0.462,1,0.994723093447515
ZNF274,0.880037633333907,0.0237083607748677,0.517,0.494,1,0.998322261470185
NR3C1,0.883202817324474,-0.033274497986431,0.526,0.526,1,0.999270231253707
PAX4,0.89191654346795,-0.00739505725066758,0.455,0.455,1,0.999270231253707
TLX2,0.89191654346795,-0.00739505725066758,0.455,0.455,1,0.999270231253707
LHX9,0.89191654346795,-0.00739505725066758,0.455,0.455,1,0.999270231253707
PRRX2,0.89191654346795,-0.00739505725066758,0.455,0.455,1,0.999270231253707
EVX1,0.892709364156427,0.0221573175197568,0.455,0.468,1,0.999270231253707
NFATC2,0.893502292084673,0.0148133453792341,0.445,0.455,1,0.999270231253707
FOXD2,0.893502292084673,0.0111363521835707,0.531,0.551,1,0.999270231253707
SNAI2,0.895881711476655,0.00620869489294767,0.526,0.519,1,0.999424738502494
OLIG3,0.897468512907099,0.00444045987859904,0.522,0.519,1,0.999424738502494
ZSCAN4,0.900643339932927,-0.0196901884307282,0.498,0.5,1,0.999424738502494
IRF9,0.901437297143193,-0.00366356149368935,0.397,0.391,1,0.999424738502494
FOXB1,0.90302550660689,0.0486778129761296,0.502,0.519,1,0.999424738502494
MEF2A,0.903819757287304,-0.013331764290377,0.45,0.455,1,0.999424738502494
NEUROD1,0.9062030836786,-0.00668400013637509,0.541,0.513,1,0.999424738502494
RFX3,0.909382162941741,0.00375680105931204,0.469,0.506,1,0.999424738502494
ASCL1(var.2),0.911767427847542,-0.0085501016840048,0.474,0.462,1,0.999424738502494
FOXI1,0.91574462611603,0.0209497036961738,0.507,0.462,1,0.999424738502494
FOXL1,0.91574462611603,0.0209497036961738,0.507,0.462,1,0.999424738502494
FOXO4,0.91574462611603,0.0209497036961738,0.507,0.462,1,0.999424738502494
FOXO6,0.91574462611603,0.0209497036961738,0.507,0.462,1,0.999424738502494
FOXP3,0.91574462611603,0.0209497036961738,0.507,0.462,1,0.999424738502494
SOX14,0.922908834439393,0.00572775812313824,0.531,0.571,1,0.999536401279704
ONECUT2,0.925298323493022,0.000150893442314386,0.502,0.5,1,0.999536401279704
NFATC4,0.925298323493022,-0.00183626711626589,0.498,0.462,1,0.999536401279704
GATA5,0.925298323493022,-0.0608811321178201,0.335,0.34,1,0.999536401279704
ZNF382,0.93007930246996,0.0146846374253459,0.526,0.538,1,0.999536401279704
HIC2,0.930876382401257,0.0222433654413838,0.545,0.513,1,0.999536401279704
KLF2,0.931673531669725,0.00435472719457196,0.44,0.442,1,0.999536401279704
ZBTB7A,0.934065387540532,-0.0382374419085875,0.507,0.506,1,0.999536401279704
BARX2,0.934065387540532,0.0215897175986622,0.536,0.506,1,0.999536401279704
TFAP4,0.936457838789917,0.00828993535503447,0.474,0.462,1,0.999536401279704
CDX2,0.938850863907966,0.0453670467103517,0.498,0.526,1,0.999536401279704
ZIC4,0.939648662753671,-0.0204448816151498,0.526,0.481,1,0.999536401279704
HSF1,0.94523490605589,0.00192143667261817,0.464,0.455,1,0.999536401279704
HOXD12,0.94523490605589,-0.00432958153615923,0.522,0.538,1,0.999536401279704
PRDM1,0.9460331671452,-0.0332882333563259,0.445,0.468,1,0.999536401279704
TBX6,0.946831482421212,0.0143777957990214,0.536,0.526,1,0.999536401279704
NR4A1,0.946831482421212,0.0352100395131878,0.488,0.506,1,0.999536401279704
EBF3,0.949226745376961,0.00783384058518737,0.488,0.468,1,0.999536401279704
HOXB4,0.950025269406491,0.0262593856581672,0.493,0.481,1,0.999536401279704
GBX1,0.951622467233416,-0.0200500984014623,0.526,0.487,1,0.999536401279704
RARG(var.3),0.952421139430765,-0.0648136537087145,0.512,0.519,1,0.999536401279704
GATA1::TAL1,0.953219859417094,0.00556343045595076,0.311,0.276,1,0.999536401279704
MYCN,0.954817439554999,0.0431945816760113,0.507,0.519,1,0.999536401279704
MEF2B,0.956415201242339,-0.0224339467240725,0.455,0.481,1,0.999536401279704
ZBTB32,0.960410357688485,0.0357917834000066,0.459,0.487,1,0.999536401279704
MYF6,0.962008704330215,0.015144700549008,0.526,0.526,1,0.999536401279704
MAFK,0.963607203673849,-0.00828845759814691,0.464,0.442,1,0.999536401279704
GRHL2,0.966804634801573,0.011264726534707,0.478,0.506,1,0.999536401279704
VDR,0.9684035537487,-0.0036304488782024,0.464,0.5,1,0.999536401279704
FOXP1,0.971601766304894,0.0293060341500031,0.517,0.455,1,0.999536401279704
SOX13,0.974000728259216,0.0090365143061918,0.464,0.481,1,0.999536401279704
POU2F1,0.974800435586704,0.0368924649741802,0.488,0.513,1,0.999536401279704
PKNOX2,0.976399925435687,0.002829442318743,0.526,0.487,1,0.999536401279704
CDX1,0.979599183410786,0.0174154833046248,0.498,0.526,1,0.999536401279704
ZNF135,0.981998845067943,0.00591303732019434,0.44,0.474,1,0.999536401279704
MITF,0.984398669616245,0.0581098306115101,0.474,0.487,1,0.999536401279704
NFIA,0.98519864357817,-0.0431776745973696,0.517,0.481,1,0.999536401279704
DMRT3,0.987598651543067,0.00200904070079344,0.498,0.474,1,0.999536401279704
ZKSCAN5,0.988398680210222,0.0119016837270576,0.349,0.327,1,0.999536401279704
ZIC3,0.989998771736873,-0.0128321272199231,0.507,0.513,1,0.999536401279704
NRF1,0.990798832987597,0.0416467502725997,0.469,0.455,1,0.999536401279704
ZNF282,0.990798832987597,0.0300495451769745,0.502,0.462,1,0.999536401279704
MAFA,0.990798832987597,0.0335458991452699,0.512,0.5,1,0.999536401279704
THRB,0.991598903490688,0.00473815407127777,0.459,0.436,1,0.999536401279704
MYC,0.992398982441685,0.030352320355829,0.483,0.487,1,0.999536401279704
PAX1,0.993999162469433,0.0171423923539081,0.502,0.532,1,0.999536401279704
HOXA1,0.993999162469433,-0.00404770390533282,0.531,0.526,1,0.999536401279704
HOXA5,0.993999162469433,-0.00404770390533282,0.531,0.526,1,0.999536401279704
HOXB5,0.993999162469433,-0.00404770390533282,0.531,0.526,1,0.999536401279704
SP9,0.994799261937146,0.0190090506568947,0.464,0.468,1,0.999536401279704
NFE2L1,0.99799970406065,-0.0269716980466155,0.459,0.455,1,0.999599940409827
FOXD1,0.999599940409827,0.042536379022783,0.478,0.468,1,0.999599940409827
CTCF,0.999599940409827,-0.0835756072168027,0.579,0.538,1,0.999599940409827
