,Unnamed: 0,Donor,lineage,# postB Cells in Cluster,# preB Cells in Cluster,postB fold enrichment norm,hypergeom p,Fisher p,Fisher -log10p,-log10p,# postA Cells in Cluster,# preA Cells in Cluster,Comparison,postA fold enrichment norm
0,0,0,0,22.0,24.0,0.7461240310077519,0.8098890424820785,0.3579484820365905,0.4461794793605804,0.0915744768479964,,,B_,
1,1,0,1,28.0,17.0,1.3406292749658002,0.1259099140872943,0.3554080426692962,0.4492727518081665,0.8999400724029489,,,B_,
2,2,0,2,9.0,36.0,0.2034883720930232,0.9999992823846428,1.3042499631410465e-06,5.884639263153076,3.116565016068434e-07,,,B_,
3,3,0,3,24.0,18.0,1.0852713178294573,0.335022602130881,0.8733633756637573,0.0588050261139869,0.4749258925165926,,,B_,
4,4,0,4,11.0,26.0,0.3443649373881932,0.9987762814515724,0.0018999293679371,2.721262454986572,0.0005317796536994,,,B_,
5,5,0,5,12.0,25.0,0.3906976744186046,0.9963588892113864,0.0059598642401397,2.2247636318206787,0.0015842002011449,,,B_,
6,6,0,6,11.0,24.0,0.3730620155038759,0.9967461838723276,0.0048159095458686,2.31732177734375,0.0014154183958041,,,B_,
7,7,0,7,26.0,7.0,3.0232558139534884,0.0009938746484594,0.0063646552152931,2.196225166320801,3.00266838714723,,,B_,
8,8,0,8,17.0,16.0,0.8648255813953488,0.5998405140000961,0.7216520905494689,0.141672134399414,0.2219642047777696,,,B_,
9,9,0,9,10.0,20.0,0.4069767441860465,0.9882478373452568,0.0228309351950883,1.641476273536682,0.005134127382208,,,B_,
10,10,0,10,23.0,6.0,3.1201550387596897,0.0014441150397208,0.0073561230674386,2.1333510875701904,2.8403982090337347,,,B_,
11,11,0,11,21.0,7.0,2.441860465116279,0.0078634712031203,0.0334341190755367,1.475810170173645,2.1043856993072136,,,B_,
12,12,0,12,10.0,16.0,0.5087209302325582,0.9379455571024546,0.1070001423358917,0.9706156253814696,0.0278223694420259,,,B_,
13,13,0,13,20.0,5.0,3.255813953488372,0.0020651514800235,0.0128732593730092,1.8903114795684812,2.685048087094498,,,B_,
14,14,0,14,11.0,14.0,0.6395348837209303,0.8250719232808824,0.3073075413703918,0.5124267935752868,0.0835081914227795,,,B_,
15,15,0,15,14.0,11.0,1.0359408033826638,0.3870484730573046,1.0,-0.0,0.4122346415365728,,,B_,
16,16,0,16,19.0,5.0,3.0930232558139537,0.0032421086157097,0.0201431345194578,1.6958729028701782,2.4891724396993427,,,B_,
17,17,0,17,19.0,4.0,3.866279069767442,0.001103906746031,0.0091007854789495,2.040921211242676,2.9570676126527755,,,B_,
18,18,0,18,13.0,8.0,1.3226744186046513,0.1966749532736232,0.6574587225914001,0.1821315139532089,0.706250944339256,,,B_,
19,19,0,19,16.0,4.0,3.255813953488372,0.0046047358222547,0.0236849710345268,1.6255271434783936,2.3367952806089467,,,B_,
20,20,0,20,9.0,11.0,0.6659619450317125,0.7574868961290535,0.3713960349559783,0.4301627278327941,0.120624875681192,,,B_,
21,21,0,21,18.0,1.0,14.651162790697674,9.949563831712638e-06,0.0002277109597343,3.6426160335540767,5.0021959574082775,,,B_,
22,22,0,22,9.0,6.0,1.2209302325581397,0.261665662950907,0.7967722415924072,0.0986658036708831,0.5822532638688755,,,B_,
23,23,0,23,9.0,1.0,7.325581395348837,0.0024591592099214,0.0271214600652456,1.566686987876892,2.609213353427993,,,B_,
24,24,0,24,6.0,3.0,1.6279069767441858,0.1497001074598358,0.7382259368896484,0.1318107098340988,0.8247778879054647,,,B_,
25,25,2,0,28.0,11.0,2.843636363636364,0.0003880094499378,0.0016527096740901,2.7818033695220947,3.411157697070996,,,B_,
26,26,2,1,15.0,22.0,0.7616883116883117,0.7470736670389355,0.4997873306274414,0.3012147545814514,0.126636571396017,,,B_,
27,27,2,2,6.0,31.0,0.216221198156682,0.9999446896963852,7.120056397980079e-05,4.14751672744751,2.4021623980144592e-05,,,B_,
28,28,2,3,16.0,20.0,0.8937142857142857,0.5672383087303356,0.8644066452980042,0.0632819086313247,0.2462344465337741,,,B_,
29,29,2,4,18.0,16.0,1.2567857142857142,0.1952915821293062,0.5984725952148438,0.2229557484388351,0.7093164761877284,,,B_,
30,30,2,5,15.0,19.0,0.8819548872180452,0.5766812562696104,0.7290504574775695,0.1372424066066741,0.2390641641274555,,,B_,
31,31,2,6,23.0,11.0,2.335844155844156,0.0042126099553466,0.0210109781473875,1.6775537729263303,2.375448750244736,,,B_,
32,32,2,7,22.0,11.0,2.2342857142857144,0.0065647177591914,0.0309739615768194,1.5090032815933228,2.1827839410536605,,,B_,
33,33,2,8,6.0,26.0,0.2578021978021977,0.9993683135525546,0.0009046870982274,3.043501615524292,0.0002744246227042,,,B_,
34,34,2,9,23.0,8.0,3.211785714285714,0.0004697687601524,0.0027581648901104,2.5593798160552974,3.328115867389192,,,B_,
35,35,2,10,3.0,27.0,0.1241269841269841,0.9999890349509462,1.660365342104342e-05,4.77979612350464,4.762086406187019e-06,,,B_,
36,36,2,11,12.0,18.0,0.7447619047619047,0.7325207224801573,0.4596176445484161,0.3376033008098602,0.1351800849240433,,,B_,
37,37,2,12,14.0,16.0,0.9775,0.449855883550219,1.0,-0.0,0.3469265951210266,,,B_,
38,38,2,13,14.0,15.0,1.0426666666666666,0.3795586900412175,1.0,-0.0,0.4207210609007382,,,B_,
39,39,2,14,11.0,17.0,0.722857142857143,0.7462763696080261,0.4437179565429687,0.3528929948806762,0.1271003098352076,,,B_,
40,40,2,15,12.0,14.0,0.9575510204081632,0.4637912894512996,1.0,-0.0,0.3336774121852215,,,B_,
41,41,2,16,23.0,3.0,8.564761904761903,1.0203858508139874e-06,1.1145714779559056e-05,4.952892303466797,5.991235572167317,,,B_,
42,42,2,17,5.0,18.0,0.3103174603174603,0.9900612339160708,0.0178314223885536,1.7488139867782593,0.0043379440595705,,,B_,
43,43,2,18,7.0,12.0,0.6516666666666666,0.75249985484067,0.4861434400081634,0.313235580921173,0.1234935795107331,,,B_,
44,44,2,19,7.0,11.0,0.7109090909090909,0.6821723501094596,0.6339563727378845,0.1979406327009201,0.1661058874472999,,,B_,
45,45,2,20,13.0,4.0,3.630714285714285,0.0030061687043265,0.0240988135337829,1.618004322052002,2.5219866507277517,,,B_,
46,46,2,21,12.0,5.0,2.681142857142857,0.013166847625897,0.0824977308511734,1.0835579633712769,1.880518190304204,,,B_,
47,47,2,22,12.0,4.0,3.3514285714285714,0.0053969166861473,0.0396190024912357,1.4020965099334717,2.2678542862197104,,,B_,
48,48,2,23,10.0,6.0,1.8619047619047615,0.0677258241338678,0.3114936053752899,0.5065508484840393,1.1692457014721516,,,B_,
49,49,2,24,1.0,13.0,0.0859340659340659,0.9983804342257168,0.002032026881352,2.692070484161377,0.0007039386703329,,,B_,
50,50,2,25,8.0,6.0,1.4895238095238097,0.1539524978915367,0.5909827351570129,0.2284252196550369,0.8126132602410682,,,B_,
51,51,2,26,2.0,11.0,0.2031168831168831,0.9823164254828632,0.0238762591034173,1.622033715248108,0.0077485939793615,,,B_,
52,52,2,27,5.0,5.0,1.1171428571428572,0.3098483081414112,1.0,-0.0,0.5088508708773984,,,B_,
53,53,2,28,3.0,6.0,0.5585714285714286,0.6898894966099746,0.5112171173095703,0.2913946211338043,0.161220467024783,,,B_,
54,54,2,29,4.0,5.0,0.8937142857142857,0.4318281330116351,1.0,-0.0,0.3646890673892117,,,B_,
55,55,4,0,12.0,43.0,0.7389767441860465,0.7951707873175917,0.420127511024475,0.3766188919544219,0.0995395832634242,,,B_,
56,56,4,1,6.0,38.0,0.4181052631578947,0.9805026341338968,0.0326657816767692,1.485906958580017,0.0085512352564935,,,B_,
57,57,4,2,11.0,33.0,0.8826666666666666,0.5706849272946624,0.8590808510780334,0.0659659653902053,0.2436035977142271,,,B_,
58,58,4,3,8.0,36.0,0.5884444444444444,0.9001897592119062,0.2121331691741943,0.6733914017677307,0.0456659320141333,,,B_,
59,59,4,4,8.0,21.0,1.0087619047619047,0.3961875932706843,1.0,-0.0,0.4020991286421095,,,B_,
60,60,4,5,8.0,17.0,1.2461176470588236,0.2199599587733633,0.6454968452453613,0.1901058852672576,0.6576563703890604,,,B_,
61,61,4,6,6.0,18.0,0.8826666666666667,0.5018177863776745,1.0,-0.0,0.2994539496599459,,,B_,
62,62,4,7,4.0,19.0,0.5574736842105263,0.8041554898220418,0.3423134088516235,0.4655761122703552,0.0946599688601162,,,B_,
63,63,4,8,12.0,3.0,10.592,1.890017743311212e-06,2.4609294996480457e-05,4.608901023864745,5.723534118691317,,,B_,
64,64,4,9,8.0,5.0,4.2368,0.0017425718649691,0.0093276957049965,2.0302255153656006,2.7588093022308287,,,B_,
65,65,4,10,6.0,6.0,2.648,0.0222233961975041,0.0985940694808959,1.006149172782898,1.6531895710869495,,,B_,
66,66,4,11,8.0,3.0,7.061333333333333,0.0002277534781797,0.0020191406365483,2.694833517074585,3.6425349818951487,,,B_,
67,67,4,12,1.0,9.0,0.2942222222222222,0.8091154403267228,0.2979471683502197,0.5258607268333435,0.0919895111192369,,,B_,
68,68,4,13,4.0,7.0,1.5131428571428571,0.1543727152265545,0.5027424693107604,0.2986544370651245,0.8114294570681145,,,B_,
69,69,4,14,13.0,64.0,0.537875,0.985935562758712,0.024737050756812,1.606652021408081,0.0061514680737907,,,B_,
70,70,4,15,2.0,5.0,1.0592,0.2942692387467536,1.0,-0.0,0.5312551342333063,,,B_,
71,71,4,16,4.0,3.0,3.5306666666666664,0.0185942187919903,0.0933327823877334,1.0299657583236694,1.730622063148234,,,B_,
72,72,4,17,4.0,1.0,10.592,0.0014591948278963,0.0214176028966903,1.6692291498184204,2.8358867183660235,,,B_,
73,73,5,0,91.0,1.0,16.710485933503836,0.9476663512554816,0.0997843295335769,1.0009377002716064,0.0233445395751506,60.0,3.0,B_,
74,74,5,1,116.0,1.0,21.30127877237852,0.0019663520216862,0.0069336974993348,2.1590352058410645,2.70633873096449,30.0,7.0,B_,
75,75,5,2,83.0,1.0,15.24143222506394,0.0725046370586386,0.1986079812049865,0.7020033001899719,1.1396342170899794,28.0,5.0,B_,
76,76,5,3,79.0,1.0,14.506905370843988,0.1456982134514817,0.3683044910430908,0.4337929785251617,0.8365457735074299,32.0,2.0,B_,
77,77,5,4,72.0,1.0,13.221483375959078,0.0085279054971726,0.0283957161009311,1.5467472076416016,2.069157620968048,17.0,5.0,B_,
78,78,5,5,69.0,1.0,12.670588235294115,0.0320598084548666,0.0988908037543296,1.004844069480896,1.4940390767180856,23.0,1.0,B_,
79,79,5,6,75.0,1.0,13.77237851662404,6.534162080396033e-05,0.0003067296638619,3.513244152069092,4.18481009701874,11.0,4.0,B_,
80,80,5,7,67.0,1.0,12.303324808184144,0.0087630656411112,0.0305847842246294,1.51449453830719,2.057343935143984,17.0,3.0,B_,
81,81,5,8,1.0,83.0,0.002212430283795,1.0,7.546883456212449e-39,38.12223052978516,-0.0,1.0,1.0,B_,
82,82,5,9,60.0,1.0,11.017902813299234,0.1508854636173463,0.4218261241912841,0.3748665452003479,0.8213525983613603,20.0,5.0,B_,
83,83,5,10,67.0,1.0,12.303324808184144,0.0018071619711131,0.0075603066943585,2.1214606761932373,2.7430029210371547,13.0,4.0,B_,
84,84,5,11,58.0,1.0,10.650639386189258,0.2355732548156753,0.5663002133369445,0.2469532787799835,0.6278740175576867,25.0,1.0,B_,
85,85,5,12,52.0,1.0,9.548849104859336,0.7469862474078008,0.4885870218276977,0.3110580742359161,0.1266873938069364,30.0,2.0,B_,
86,86,5,13,67.0,1.0,12.303324808184144,0.0009806919468849,0.0036024581640958,2.4434010982513428,3.0084673909666857,11.0,5.0,B_,
87,87,5,14,62.0,1.0,11.385166240409209,0.0219986972184864,0.0790612176060676,1.102036476135254,1.6576030377039497,15.0,5.0,B_,
88,88,5,15,64.0,1.0,11.75242966751918,0.0019626525466002,0.0088696014136075,2.052095890045166,2.7071565778581217,8.0,8.0,B_,
89,89,5,16,62.0,2.0,5.692583120204604,0.0030738124144989,0.0116679733619093,1.93300461769104,2.51232263970998,7.0,8.0,B_,
90,90,5,17,59.0,1.0,10.834271099744246,0.0098976076542206,0.0387155525386333,1.4121145009994507,2.004469765819282,15.0,2.0,B_,
91,91,5,18,64.0,1.0,11.75242966751918,4.942488977266457e-05,0.000226376709179,3.6451683044433594,4.306054290576292,6.0,5.0,B_,
92,92,5,19,60.0,1.0,11.017902813299234,0.0014274247477653,0.0065453620627522,2.1840662956237793,2.845446777997497,10.0,4.0,B_,
93,93,5,20,55.0,1.0,10.099744245524295,0.0329550731610301,0.1080764085054397,0.966269075870514,1.4820777198788704,13.0,5.0,B_,
94,94,5,21,57.0,1.0,10.46700767263427,0.0052180331181233,0.0181111842393875,1.7420531511306763,2.282493168820973,11.0,4.0,B_,
95,95,5,22,53.0,1.0,9.732480818414322,0.0071166738416935,0.0280315391719341,1.552353024482727,2.1477229375029263,10.0,4.0,B_,
96,96,5,23,1.0,62.0,0.002961801831532,1.0,6.33455270781286e-29,28.19828414916992,-0.0,1.0,1.0,B_,
97,97,5,24,48.0,1.0,8.814322250639387,0.0202989295243616,0.0814250260591506,1.0892421007156372,1.6925268642503817,11.0,3.0,B_,
98,98,5,25,41.0,1.0,7.5289002557544755,0.1494677560924038,0.4065160751342773,0.3909222781658172,0.8254524853427003,10.0,6.0,B_,
99,99,5,26,46.0,1.0,8.447058823529412,0.0058136926837374,0.0252191890031099,1.5982688665390015,2.235547929098876,9.0,2.0,B_,
100,100,5,27,4.0,50.0,0.0146905370843989,1.0,5.155296538985908e-20,19.28774642944336,-0.0,1.0,1.0,B_,
101,101,5,28,31.0,1.0,5.692583120204604,0.5550610997790573,0.7647461295127868,0.1164827197790145,0.2556592081631509,15.0,2.0,B_,
102,102,5,29,32.0,1.0,5.87621483375959,0.2833735048567147,0.758626878261566,0.1199717745184898,0.5476407582961856,13.0,1.0,B_,
103,103,5,30,26.0,1.0,4.774424552429668,0.7562273631207139,0.4268158674240112,0.3697594404220581,0.1213476122983526,16.0,1.0,B_,
104,104,5,31,33.0,1.0,6.059846547314578,0.057916873529612,0.2026417404413223,0.6932711005210876,1.23719489027578,4.0,6.0,B_,
105,105,5,32,1.0,37.0,0.0049630192852699,1.0,2.4121114403277093e-17,16.617603302001953,-0.0,1.0,1.0,B_,
106,106,5,33,1.0,37.0,0.0049630192852699,1.0,2.4121114403277093e-17,16.617603302001953,-0.0,1.0,1.0,B_,
107,107,5,34,27.0,1.0,4.958056265984655,0.3188531805471697,0.8678169250488281,0.0615718886256217,0.4964092465857866,11.0,1.0,B_,
108,108,5,35,28.0,1.0,5.141687979539642,0.1465574740102794,0.4989481568336486,0.3019445836544036,0.8339920288894537,8.0,2.0,B_,
109,109,5,36,30.0,1.0,5.508951406649617,0.0100154891305248,0.0544872805476188,1.2637048959732056,1.999327836035846,4.0,2.0,B_,
110,110,5,37,28.0,1.0,5.141687979539642,0.007704703237827,0.044698417186737,1.3497078418731687,2.113244084350651,3.0,2.0,B_,
111,111,5,38,1.0,30.0,0.0061210571184995,0.9999999999999628,3.7068770633325726e-14,13.430992126464844,1.6104268691440194e-14,1.0,1.0,B_,
112,112,5,39,22.0,1.0,4.039897698209719,0.0747133522274668,0.2469632476568222,0.6073676943778991,1.126601777294112,5.0,1.0,B_,
113,113,5,40,19.0,1.0,3.489002557544757,0.3128443667109868,0.8441575765609741,0.0735764801502227,0.5046716608186639,7.0,1.0,B_,
114,114,5,41,18.0,1.0,3.305370843989769,0.1756290748241791,0.533744990825653,0.2726662158966064,0.7554035864341122,3.0,3.0,B_,
115,115,5,42,2.0,11.0,0.0333875842827249,0.9999478972057322,5.2102794143138447e-05,4.283139228820801,2.262854555259912e-05,1.0,1.0,B_,
116,116,5,43,8.0,1.0,1.4690537084398976,0.7585745115735477,0.4160093963146209,0.3808968663215637,0.1200017538675127,2.0,4.0,B_,
117,117,5,44,1.0,9.0,0.0204035237283319,0.9999725040185368,2.7495982067193836e-05,4.5607309341430655,1.1941517196664292e-05,2.0,1.0,B_,
118,118,5,45,7.0,1.0,1.2854219948849106,0.7195123249527393,0.3949116468429565,0.4035000801086425,0.1429617623762714,4.0,1.0,B_,
119,119,5,46,7.0,1.0,1.2854219948849106,0.5870136359906586,0.7626011967658995,0.1177025139331817,0.2313518102230584,3.0,1.0,B_,
0,0,1,0,,,,0.1155744890114254,0.7091938853263854,0.1492350250482559,0.9371380180283954,51.0,1.0,A_,2.048192771084337
1,1,1,1,,,,0.2302124192694479,1.0,-0.0,0.6378712511897063,35.0,1.0,A_,1.4056224899598393
2,2,1,2,,,,0.2401568002310099,1.0,-0.0,0.6195051114568727,34.0,1.0,A_,1.365461847389558
3,3,1,3,,,,0.2401568002310099,1.0,-0.0,0.6195051114568727,34.0,1.0,A_,1.365461847389558
4,4,1,4,,,,0.2724968008202988,1.0,-0.0,0.564638592081822,31.0,1.0,A_,1.2449799196787148
5,5,1,5,,,,0.2841668993564148,1.0,-0.0,0.5464265114334301,30.0,1.0,A_,1.2048192771084336
6,6,1,6,,,,0.2963107839442863,1.0,-0.0,0.5282525425048573,29.0,1.0,A_,1.1646586345381529
7,7,1,7,,,,0.2963107839442863,1.0,-0.0,0.5282525425048573,29.0,1.0,A_,1.1646586345381529
8,8,1,8,,,,0.7050492487138509,0.2949507534503936,0.5302504897117614,0.1517805458488255,26.0,2.0,A_,0.5220883534136546
9,9,1,9,,,,0.3499978569234412,1.0,-0.0,0.4559346148759336,25.0,1.0,A_,1.004016064257028
10,10,1,10,,,,0.3499978569234412,1.0,-0.0,0.4559346148759336,25.0,1.0,A_,1.004016064257028
11,11,1,11,,,,0.3499978569234412,1.0,-0.0,0.4559346148759336,25.0,1.0,A_,1.004016064257028
12,12,1,12,,,,0.3499978569234412,1.0,-0.0,0.4559346148759336,25.0,1.0,A_,1.004016064257028
13,13,1,13,,,,0.364796920641123,1.0,-0.0,0.4379488363365286,24.0,1.0,A_,0.963855421686747
14,14,1,14,,,,0.4301541267070942,0.5698458552360534,0.2442426085472106,0.3663759063154669,20.0,1.0,A_,0.8032128514056225
15,15,1,15,,,,0.5065379500997128,0.4934620559215545,0.3067462444305419,0.2953880115051315,16.0,1.0,A_,0.6425702811244979
16,16,1,16,,,,0.5065379500997128,0.4934620559215545,0.3067462444305419,0.2953880115051315,16.0,1.0,A_,0.6425702811244979
17,17,1,17,,,,0.5494010963114604,0.4505988955497741,0.3462098836898803,0.2601104782945201,14.0,1.0,A_,0.5622489959839357
18,18,1,18,,,,0.6721426780024318,0.3278573155403137,0.4843150973320007,0.1725385279997505,9.0,1.0,A_,0.36144578313253
19,19,3,0,,,,0.5487150329609656,0.8368796706199645,0.0773369818925857,0.2606531414212699,49.0,8.0,A_,0.9009784075573548
20,20,3,1,,,,0.9997286953283134,0.0002713046851567,3.566542625427246,0.0001178421081081,39.0,17.0,A_,0.3374613003095975
21,21,3,2,,,,0.9995478256569996,0.0004521743394434,3.344694137573242,0.0001964212336919,37.0,16.0,A_,0.3401653171390013
22,22,3,3,,,,0.3030392143352994,1.0,-0.0,0.5185011686347349,47.0,6.0,A_,1.1522717049032838
23,23,3,4,,,,0.007448564266582,0.0512869693338871,1.2899929285049438,2.127927430767252,48.0,2.0,A_,3.530364372469636
24,24,3,5,,,,0.2219841275729941,0.8250119090080261,0.0835397839546203,0.6536780775939635,44.0,5.0,A_,1.2944669365721997
25,25,3,6,,,,0.1739343157128848,0.6409324407577514,0.1931877434253692,0.7596147270569542,39.0,4.0,A_,1.4342105263157894
26,26,3,7,,,,0.0927309759210872,0.465027779340744,0.3325211107730865,1.032775169582797,37.0,3.0,A_,1.8142150247413404
27,27,3,8,,,,0.0055350907123747,0.0743392184376716,1.128782033920288,2.2568752572493977,36.0,1.0,A_,5.295546558704453
28,28,3,9,,,,0.1368687423812741,0.6095205545425415,0.2150116562843322,0.8636957232416097,33.0,3.0,A_,1.6180836707152495
29,29,3,10,,,,0.1368687423812741,0.6095205545425415,0.2150116562843322,0.8636957232416097,33.0,3.0,A_,1.6180836707152495
30,30,3,11,,,,0.1810015735308403,0.7893342971801757,0.1027390286326408,0.7423176495905359,30.0,3.0,A_,1.4709851551956814
31,31,3,12,,,,0.0130769090613687,0.1648399829864501,0.782937467098236,1.8834948963959477,30.0,1.0,A_,4.412955465587045
32,32,3,13,,,,0.9762283075485764,0.0237716920673847,1.623939871788025,0.01044860332373,21.0,8.0,A_,0.3861336032388663
33,33,3,14,,,,0.105749156095078,0.5645302534103394,0.2483127862215042,0.9757230897185298,26.0,2.0,A_,1.9122807017543857
34,34,3,15,,,,0.2805053615151183,1.0,-0.0,0.5520588333234084,25.0,3.0,A_,1.2258209626630678
35,35,3,16,,,,0.7677503912984667,0.3642979562282562,0.4385432600975036,0.1147799535384635,21.0,5.0,A_,0.6178137651821862
36,36,3,17,,,,0.3866550842100092,1.0,-0.0,0.4126762748177962,21.0,3.0,A_,1.0296896086369771
37,37,3,18,,,,0.0539913222439185,0.5032732486724854,0.2981961667537689,1.2676760365553197,20.0,1.0,A_,2.941970310391363
38,38,3,19,,,,0.0715369825119618,0.494816780090332,0.3055555820465087,1.1454693826947695,18.0,1.0,A_,2.6477732793522266
39,39,3,20,,,,0.2764513542696656,1.0,-0.0,0.5583812782142947,17.0,2.0,A_,1.2503373819163293
40,40,3,21,,,,0.5878853658827202,0.4944365918636322,0.3058893978595733,0.2307073504853268,15.0,3.0,A_,0.7354925775978407
41,41,3,22,,,,0.1089557427387075,0.7083845138549804,0.1497309356927871,0.9627498744218213,15.0,1.0,A_,2.2064777327935223
42,42,3,23,,,,0.6998085759208854,0.4255055487155914,0.3710947632789611,0.1550207396863553,12.0,3.0,A_,0.5883940620782726
43,43,3,24,,,,0.1441026100238895,1.0,-0.0,0.8413281530603514,13.0,1.0,A_,1.9122807017543857
44,44,3,25,,,,0.8427653229101304,0.1572346836328506,0.803451657295227,0.0742933425212361,8.0,3.0,A_,0.3922627080521817
45,45,3,26,,,,0.3319528925606833,1.0,-0.0,0.4789235426589644,7.0,1.0,A_,1.0296896086369771
46,46,5,0,91.0,1.0,,2.07993067213863e-10,7.386760092487065e-10,9.13154602050781,9.68195114061869,60.0,3.0,A_,5.063752276867031
47,47,5,1,116.0,1.0,,0.3032248223127481,0.6694819927215576,0.1742611080408096,0.5182352497675454,30.0,7.0,A_,1.0850897736143637
48,48,5,2,83.0,1.0,,0.0452407565935125,0.1128305941820144,0.9475731253623962,1.344470140668776,28.0,5.0,A_,1.4178506375227689
49,49,5,3,79.0,1.0,,0.0030710749555102,0.0090184547007083,2.044867753982544,2.512709583632722,32.0,2.0,A_,4.0510018214936245
50,50,5,4,72.0,1.0,,0.4756888030961691,1.0,-0.0,0.3226770710118371,17.0,5.0,A_,0.8608378870673953
51,51,5,5,69.0,1.0,,0.047681127317609,0.1345186978578567,0.871217370033264,1.321653485188346,23.0,1.0,A_,5.823315118397086
52,52,5,6,75.0,1.0,,0.926471928338216,0.1309177726507186,0.8830013871192932,0.0331677350633837,11.0,4.0,A_,0.6962659380692167
53,53,5,7,67.0,1.0,,0.3383420015684082,0.7800017595291137,0.1079044193029403,0.4706440858149524,17.0,3.0,A_,1.4347298117789922
54,54,5,8,1.0,83.0,,0.9999995463596828,6.691360567856465e-07,6.174485683441161,1.970135312634533e-07,1.0,1.0,A_,0.2531876138433515
55,55,5,9,60.0,1.0,,0.0914573516901114,0.2561112940311431,0.5915712714195251,1.0387813785405442,20.0,5.0,A_,1.0127504553734064
56,56,5,10,67.0,1.0,,0.7130917792279614,0.5692431330680847,0.2447022199630737,0.1468545702223476,13.0,4.0,A_,0.8228597449908925
57,57,5,11,58.0,1.0,,0.0036633342425269,0.010108727030456,1.995303511619568,2.436123454509713,25.0,1.0,A_,6.329690346083788
58,58,5,12,52.0,1.0,,4.401006800802687e-05,0.0001562392571941,3.806209802627563,4.356447960328489,30.0,2.0,A_,3.7978142076502728
59,59,5,13,67.0,1.0,,0.8673750082463244,0.2524550259113311,0.597815990447998,0.0617930953727288,11.0,5.0,A_,0.5570127504553734
60,60,5,14,62.0,1.0,,0.4518175303303364,1.0,-0.0,0.3450369226453321,15.0,5.0,A_,0.7595628415300546
61,61,5,15,64.0,1.0,,0.9732166718949364,0.0566389113664627,1.246885061264038,0.0117904599036155,8.0,8.0,A_,0.2531876138433515
62,62,5,16,62.0,2.0,,0.985249658043066,0.0264109838753938,1.5782153606414795,0.0064537071957115,7.0,8.0,A_,0.2215391621129326
63,63,5,17,59.0,1.0,,0.3271224441545531,0.76564621925354,0.1159718558192253,0.4852896575317658,15.0,2.0,A_,1.8989071038251364
64,64,5,18,64.0,1.0,,0.9915801852174986,0.0154842007905244,1.810111165046692,0.0036721603397561,6.0,5.0,A_,0.3038251366120219
65,65,5,19,60.0,1.0,,0.8345191737678852,0.2930652201175689,0.5330357551574707,0.0785636805953653,10.0,4.0,A_,0.6329690346083789
66,66,5,20,55.0,1.0,,0.4916639765966402,1.0,-0.0,0.3083316105799168,13.0,5.0,A_,0.658287795992714
67,67,5,21,57.0,1.0,,0.7071954898816204,0.542227566242218,0.2658184170722961,0.1504605176864013,11.0,4.0,A_,0.6962659380692167
68,68,5,22,53.0,1.0,,0.7235147390886189,0.5268981456756591,0.2782733440399169,0.1405526172199196,10.0,4.0,A_,0.6329690346083789
69,69,5,23,1.0,62.0,,0.999972921785432,5.6212327763205394e-05,4.250168323516846,1.176007838832696e-05,1.0,1.0,A_,0.2531876138433515
70,70,5,24,48.0,1.0,,0.4893262966119739,1.0,-0.0,0.3104014444350406,11.0,3.0,A_,0.9283545840922888
71,71,5,25,41.0,1.0,,0.50051944743592,1.0,-0.0,0.3005790435592396,10.0,6.0,A_,0.4219793564055859
72,72,5,26,46.0,1.0,,0.6362723614413162,0.7315409779548645,0.1357613503932952,0.196356941346867,9.0,2.0,A_,1.139344262295082
73,73,5,27,4.0,50.0,,0.999849326213792,0.0003158580511808,3.500508069992065,6.544172421766663e-05,1.0,1.0,A_,0.2531876138433515
74,74,5,28,31.0,1.0,,0.0107618672844731,0.0378208495676517,1.4222687482833862,1.9681123679832964,15.0,2.0,A_,1.8989071038251364
75,75,5,29,32.0,1.0,,0.036573483032152,0.1247771978378295,0.9038648009300232,1.436833678174032,13.0,1.0,A_,3.29143897996357
76,76,5,30,26.0,1.0,,0.0011393250313522,0.004710916429758,2.326894521713257,2.943352360920401,16.0,1.0,A_,4.0510018214936245
77,77,5,31,33.0,1.0,,0.925829003898528,0.1657233834266662,0.7806162238121032,0.0334692179842103,4.0,6.0,A_,0.1687917425622343
78,78,5,32,1.0,37.0,,0.9970477023632794,0.0060663209296762,2.2170746326446533,0.0012840629746501,1.0,1.0,A_,0.2531876138433515
79,79,5,33,1.0,37.0,,0.9970477023632794,0.0060663209296762,2.2170746326446533,0.0012840629746501,1.0,1.0,A_,0.2531876138433515
80,80,5,34,27.0,1.0,,0.0484025247423375,0.1471627205610275,0.8322021961212158,1.315131984366581,11.0,1.0,A_,2.785063752276866
81,81,5,35,28.0,1.0,,0.2746212297479172,0.6785072088241577,0.1684455424547195,0.5612658924234213,8.0,2.0,A_,1.012750455373406
82,82,5,36,30.0,1.0,,0.8337249254682461,0.2894784808158874,0.5383837223052979,0.0789772144181609,4.0,2.0,A_,0.5063752276867031
83,83,5,37,28.0,1.0,,0.8932195539454688,0.1837638765573501,0.7357398271560668,0.0490417781244884,3.0,2.0,A_,0.3797814207650273
84,84,5,38,1.0,30.0,,0.9896056872123944,0.0208573397248983,1.6807410717010498,0.0045378175039731,1.0,1.0,A_,0.2531876138433515
85,85,5,39,22.0,1.0,,0.4422849379021641,1.0,-0.0,0.3542978503598983,5.0,1.0,A_,1.265938069216758
86,86,5,40,19.0,1.0,,0.1235644450797205,0.3310174047946929,0.4801491796970367,0.9081064768769757,7.0,1.0,A_,1.772313296903461
87,87,5,41,18.0,1.0,,0.6969413691546454,0.6035175919532775,0.2193100750446319,0.156803755795288,3.0,3.0,A_,0.2531876138433515
88,88,5,42,2.0,11.0,,0.7901029167856152,0.3323798775672912,0.4783653020858764,0.102316334936197,1.0,1.0,A_,0.2531876138433515
89,89,5,43,8.0,1.0,,0.5355186383670714,1.0,-0.0,0.27122540924089,2.0,4.0,A_,0.1265938069216757
90,90,5,44,1.0,9.0,,0.434220733030476,1.0,-0.0,0.3622894438347087,2.0,1.0,A_,0.5063752276867031
91,91,5,45,7.0,1.0,,0.0716648017476359,0.2735683321952819,0.562934160232544,1.144694096216835,4.0,1.0,A_,1.012750455373406
92,92,5,46,7.0,1.0,,0.1616137004272129,0.4687025845050811,0.3291026651859283,0.7915218256918066,3.0,1.0,A_,0.7595628415300546
93,93,6,0,,,,0.1018433721655498,0.3843427896499633,0.4152812659740447,0.9920672290652794,49.0,4.0,A_,1.6544006069802732
94,94,6,1,,,,0.6162859127625214,0.6498205065727233,0.1872065961360931,0.2102177593818108,43.0,7.0,A_,0.8296119661825276
95,95,6,2,,,,0.1527659411070637,0.6432750225067138,0.1916033178567886,0.8159734601452673,44.0,4.0,A_,1.4855842185128982
96,96,6,3,,,,0.7194763128121772,0.4729217588901519,0.325210690498352,0.1429834996902717,38.0,7.0,A_,0.7331454584868848
97,97,6,4,,,,0.0936002157241574,0.4645579755306243,0.3329600691795349,1.0287231503248946,40.0,3.0,A_,1.800708143651998
98,98,6,5,,,,0.4027329891495208,1.0,-0.0,0.394982794482963,38.0,5.0,A_,1.026403641881639
99,99,6,6,,,,0.886761702168433,0.1425550580024719,0.8460173606872557,0.0521930716424385,34.0,8.0,A_,0.5739757207890743
100,100,6,7,,,,0.3598716437552921,1.0,-0.0,0.4438523724239789,32.0,4.0,A_,1.080424886191199
101,101,6,8,,,,0.206619555166974,0.7873148322105407,0.1038515716791152,0.6848285777863498,31.0,3.0,A_,1.3955488113302985
102,102,6,9,,,,0.206619555166974,0.7873148322105407,0.1038515716791152,0.6848285777863498,31.0,3.0,A_,1.3955488113302985
103,103,6,10,,,,0.1080412490127794,0.564605176448822,0.2482551336288452,0.9664104037864888,28.0,2.0,A_,1.890743550834598
104,104,6,11,,,,0.7680290390343554,0.3647414743900299,0.4380148649215698,0.1146223590648965,23.0,5.0,A_,0.6212443095599394
105,105,6,12,,,,0.7909510769181938,0.3560173213481903,0.4485288858413696,0.1018503782994838,22.0,5.0,A_,0.5942336874051594
106,106,6,13,,,,0.1469683869314597,0.760350227355957,0.1189863160252571,0.8327760724471982,25.0,2.0,A_,1.688163884673748
107,107,6,14,,,,0.1625165443559442,0.7581731677055358,0.1202315911650657,0.7891024207973882,24.0,2.0,A_,1.6206373292867984
108,108,6,15,,,,0.9999967755823652,3.2244176964013604e-06,5.491548538208008,1.400349043842724e-06,12.0,12.0,A_,0.1350531107738998
109,109,6,16,,,,0.0454436533381612,0.3437366485595703,0.4637741446495056,1.342526761785908,23.0,1.0,A_,3.106221547799697
110,110,6,17,,,,0.2402344726034769,1.0,-0.0,0.6193646730893991,20.0,2.0,A_,1.3505311077389983
111,111,6,18,,,,0.2402344726034769,1.0,-0.0,0.6193646730893991,20.0,2.0,A_,1.3505311077389983
112,112,6,19,,,,0.2402344726034769,1.0,-0.0,0.6193646730893991,20.0,2.0,A_,1.3505311077389983
113,113,6,20,,,,0.0873058058120548,0.7158688306808471,0.1451665461063385,1.058956874870613,18.0,1.0,A_,2.430955993930197
114,114,6,21,,,,0.0873058058120548,0.7158688306808471,0.1451665461063385,1.058956874870613,18.0,1.0,A_,2.430955993930197
115,115,6,22,,,,0.1288814497686089,0.7083924412727355,0.1497260928153991,0.8898095872461507,15.0,1.0,A_,2.025796661608497
116,116,6,23,,,,0.7735723092983402,0.2264276891946792,0.6450704932212828,0.1114990846000385,11.0,3.0,A_,0.4951947395042994
